<pandora>
    <!-- GLOBAL SETTINGS -->
    <IsMonitoringEnabled>true</IsMonitoringEnabled>
    <ShouldDisplayAlgorithmInfo>true</ShouldDisplayAlgorithmInfo>
    <SingleHitTypeClusteringMode>true</SingleHitTypeClusteringMode>

    <!-- ALGORITHM SETTINGS -->
    <algorithm type = "LArEventReading"/>
    <algorithm type = "LArPreProcessing">
        <OutputCaloHitListNameU>CaloHitListU</OutputCaloHitListNameU>
        <OutputCaloHitListNameV>CaloHitListV</OutputCaloHitListNameV>
        <OutputCaloHitListNameW>CaloHitListW</OutputCaloHitListNameW>
        <FilteredCaloHitListName>CaloHitList2D</FilteredCaloHitListName>
        <CurrentCaloHitListReplacement>CaloHitList2D</CurrentCaloHitListReplacement>
    </algorithm>
    <algorithm type = "LArVisualMonitoring">
        <CaloHitListNames>CaloHitListU CaloHitListV CaloHitListW</CaloHitListNames>
        <ShowDetector>true</ShowDetector>
    </algorithm>

    <algorithm type = "LArMaster">
        <CRSettingsFile>PandoraSettings_Cosmic_Standard.xml</CRSettingsFile>
        <NuSettingsFile>PandoraSettings_Neutrino_MicroBooNE.xml</NuSettingsFile>
        <SlicingSettingsFile>PandoraSettings_Slicing_Standard.xml</SlicingSettingsFile>
        <StitchingTools>
            <tool type = "LArStitchingCosmicRayMerging"><ThreeDStitchingMode>true</ThreeDStitchingMode></tool>
            <tool type = "LArStitchingCosmicRayMerging"><ThreeDStitchingMode>false</ThreeDStitchingMode></tool>
        </StitchingTools>
        <CosmicRayTaggingTools>
            <tool type = "LArCosmicRayTagging"/>
        </CosmicRayTaggingTools>
        <SliceIdTools>
            <tool type = "LArNeutrinoId">
                <SvmFileName>PandoraSvm_v03_11_00.xml</SvmFileName>
                <SvmName>NeutrinoId</SvmName>
            </tool>
        </SliceIdTools>
        <InputHitListName>Input</InputHitListName>
        <InputMCParticleListName>Input</InputMCParticleListName>
        <PassMCParticlesToWorkerInstances>false</PassMCParticlesToWorkerInstances>
        <RecreatedPfoListName>RecreatedPfos</RecreatedPfoListName>
        <RecreatedClusterListName>RecreatedClusters</RecreatedClusterListName>
        <RecreatedVertexListName>RecreatedVertices</RecreatedVertexListName>
        <VisualizeOverallRecoStatus>false</VisualizeOverallRecoStatus>
    </algorithm>

    <algorithm type = "LArMCParticleMonitoring">
        <CaloHitListName>CaloHitList2D</CaloHitListName>
        <MCParticleListName>Input</MCParticleListName>
        <PfoListName>RecreatedPfos</PfoListName>
        <MinHitsForDisplay>0</MinHitsForDisplay>
    </algorithm>
<!--
    <algorithm type = "MyTrackShowerIdAlgorithm">
        <OutputTree>MyTree</OutputTree>
        <OutputFile>MyRootFile.root</OutputFile>
    </algorithm>
-->
    <algorithm type = "LArEventValidation">
        <CaloHitListName>CaloHitList2D</CaloHitListName>
        <MCParticleListName>Input</MCParticleListName>
        <PfoListName>RecreatedPfos</PfoListName>
        <UseTrueNeutrinosOnly>false</UseTrueNeutrinosOnly>
        <PrintAllToScreen>false</PrintAllToScreen>
        <PrintMatchingToScreen>true</PrintMatchingToScreen>
        <WriteToTree>false</WriteToTree>
        <OutputTree>Validation</OutputTree>
        <OutputFile>Validation.root</OutputFile>
    </algorithm>

    <algorithm type = "LArVisualMonitoring">
        <ShowCurrentPfos>true</ShowCurrentPfos>
        <MCParticleListNames>Input</MCParticleListNames>
        <ShowDetector>true</ShowDetector>
    </algorithm>
</pandora>
